----------------------INSERTS DE APLICANTES---------------------------------
INSERT INTO Applicant (id, names, lastNames, schoolCertificate, telephoneNumber, personalEmail) VALUES
    ('0801-2004-12344', 'Andrea Valeria', 'Hernández López', 'certificate1.pdf', '98765432', 'andrea.hernandez@gmail.com'),
    ('0801-2004-54323', 'Carlos Eduardo', 'Martínez Rivera', 'certificate2.pdf', '87654321', 'carlos.martinez@hotmail.com'),
    ('0801-2004-67894', 'Sofía Alejandra', 'Gómez García', 'certificate3.pdf', '76543210', 'sofia.gomez@yahoo.com'),
    ('0801-2004-98766', 'Luis Fernando', 'Ramírez Torres', 'certificate4.pdf', '65432109', 'luis.ramirez@gmail.com'),
    ('0801-2004-23456', 'Gabriela Natalia', 'Rojas Mejía', 'certificate5.pdf', '54321098', 'gabriela.rojas@hotmail.com'),
    ('0801-2004-34567', 'Javier Ignacio', 'Castillo Ortiz', 'certificate6.pdf', '43210987', 'javier.castillo@yahoo.com'),
    ('0801-2004-45678', 'María Fernanda', 'Vargas Sánchez', 'certificate7.pdf', '32109876', 'maria.vargas@gmail.com'),
    ('0801-2004-56789', 'Ricardo Andrés', 'Morales Jiménez', 'certificate8.pdf', '21098765', 'ricardo.morales@hotmail.com'),
    ('0801-2004-67890', 'Daniela Paola', 'Pérez Rodríguez', 'certificate9.pdf', '10987654', 'daniela.perez@yahoo.com'),
    ('0801-2004-78901', 'Pedro Antonio', 'Aguilar Cruz', 'certificate10.pdf', '19876543', 'pedro.aguilar@gmail.com'),
    ('0801-2004-89012', 'Alejandra Beatriz', 'Navarro Soto', 'certificate11.pdf', '29765432', 'alejandra.navarro@hotmail.com'),
    ('0801-2004-90123', 'Esteban Alonso', 'Cordero Ruiz', 'certificate12.pdf', '39654321', 'esteban.cordero@yahoo.com'),
    ('0801-2004-01234', 'Camila Isabel', 'Medina Flores', 'certificate13.pdf', '49543210', 'camila.medina@gmail.com'),
    ('0801-2004-12340', 'Manuel José', 'Ramos Vega', 'certificate14.pdf', '59432109', 'manuel.ramos@hotmail.com'),
    ('0801-2004-23451', 'Juliana Estefanía', 'López Cabrera', 'certificate15.pdf', '69321098', 'juliana.lopez@yahoo.com'),
    ('0801-2004-34562', 'Francisco Javier', 'Vargas Guerrero', 'certificate16.pdf', '79210987', 'francisco.vargas@gmail.com'),
    ('0801-2004-45673', 'Natalia Viviana', 'Peña Márquez', 'certificate17.pdf', '89109876', 'natalia.pena@hotmail.com'),
    ('0801-2004-56784', 'Roberto Alejandro', 'Salas Castillo', 'certificate18.pdf', '99098765', 'roberto.salas@yahoo.com'),
    ('0801-2004-67895', 'Lucía Andrea', 'Cano Escobar', 'certificate19.pdf', '08987654', 'lucia.cano@gmail.com'),
    ('0801-2004-78906', 'Oscar Enrique', 'Quintana Torres', 'certificate20.pdf', '18976543', 'oscar.quintana@hotmail.com'),
    ('0801-2003-12345', 'Carlos Daniel', 'Martínez Torres', 'certificate2.pdf', '98765111', 'carlos.martinez@gmail.com'),
    ('0801-2002-54322', 'María Fernanda', 'Lopez Cruz', 'certificate3.pdf', '98765222', 'maria.lopez@gmail.com'),
    ('0801-2001-67890', 'Juan José', 'Ramírez González', 'certificate4.pdf', '98765333', 'juan.ramirez@gmail.com'),
    ('0801-2000-98765', 'Ana Sofía', 'Pérez Hernández', 'certificate5.pdf', '98765444', 'ana.perez@gmail.com'),
    ('0801-1999-43210', 'Diego Alejandro', 'García Sánchez', 'certificate6.pdf', '98765555', 'diego.garcia@gmail.com'),
    ('0801-1998-11223', 'Paola Isabel', 'Hernández Méndez', 'certificate7.pdf', '98765666', 'paola.hernandez@gmail.com'),
    ('0801-1997-33445', 'Luis Fernando', 'Gómez Ortega', 'certificate8.pdf', '98765777', 'luis.gomez@gmail.com'),
    ('0801-1996-55667', 'Diana Marcela', 'Ortiz Castillo', 'certificate9.pdf', '98765888', 'diana.ortiz@gmail.com'),
    ('0801-1995-77889', 'José Antonio', 'Hidalgo Ruiz', 'certificate10.pdf', '98765999', 'jose.hidalgo@gmail.com'),
    ('0801-1994-99001', 'Sofía Isabel', 'Navarro Vargas', 'certificate11.pdf', '98765000', 'sofia.navarro@gmail.com'),
    ('0801-1993-12367', 'Daniel Arturo', 'Estrada Ponce', 'certificate12.pdf', '98765101', 'daniel.estrada@gmail.com'),
    ('0801-1992-76543', 'Gabriela Andrea', 'Rojas Morales', 'certificate13.pdf', '98765202', 'gabriela.rojas@gmail.com'),
    ('0801-1991-87654', 'Fernando Enrique', 'Fuentes Aguirre', 'certificate14.pdf', '98765303', 'fernando.fuentes@gmail.com'),
    ('0801-1990-56789', 'Camila Alejandra', 'Salazar Domínguez', 'certificate15.pdf', '98765404', 'camila.salazar@gmail.com'),
    ('0801-1989-89012', 'Javier Alejandro', 'Coronado Salinas', 'certificate16.pdf', '98765506', 'javier.coronado@gmail.com'),
    ('0801-1988-34021', 'Isabella María', 'Cárdenas Roldán', 'certificate17.pdf', '98765607', 'isabella.cardenas@gmail.com'),
    ('0801-1987-12987', 'Mateo Andrés', 'Sánchez Ramírez', 'certificate18.pdf', '98765708', 'mateo.sanchez@gmail.com'),
    ('0801-1986-43901', 'Lucía Fernanda', 'Velázquez Herrera', 'certificate19.pdf', '98765809', 'lucia.velazquez@gmail.com'),
    ('0801-1985-98321', 'Sebastián José', 'Bautista Delgado', 'certificate20.pdf', '98765910', 'sebastian.bautista@gmail.com'),
    ('0801-1984-12344', 'Valeria Natalia', 'Cruz Martínez', 'certificate21.pdf', '98765011', 'valeria.cruz@gmail.com'),
    ('0801-1983-55522', 'Carlos Alberto', 'Pineda López', 'certificate22.pdf', '98765112', 'carlos.pineda@gmail.com'),
    ('0801-1982-77788', 'Daniela Alejandra', 'Mendoza Peña', 'certificate23.pdf', '98765213', 'daniela.mendoza@gmail.com'),
    ('0801-1981-89078', 'Miguel Ángel', 'Hernández Campos', 'certificate24.pdf', '98765314', 'miguel.hernandez@gmail.com'),
    ('0801-1980-12398', 'Laura Gabriela', 'Morales Tovar', 'certificate25.pdf', '98765415', 'laura.morales@gmail.com'),
    ('0801-1979-43215', 'José Luis', 'Alvarado Gil', 'certificate26.pdf', '98765516', 'jose.alvarado@gmail.com'),
    ('0801-1978-56771', 'Sara Sofía', 'Zamora Reyes', 'certificate27.pdf', '98765617', 'sara.zamora@gmail.com'),
    ('0801-1977-87632', 'Andrés Felipe', 'López Miranda', 'certificate28.pdf', '98765718', 'andres.lopez@gmail.com'),
    ('0801-1976-98376', 'Mariana Isabel', 'Cabrera Rivas', 'certificate29.pdf', '98765819', 'mariana.cabrera@gmail.com'),
    ('0801-1975-43213', 'Carlos Esteban', 'Valencia Bravo', 'certificate30.pdf', '98765920', 'carlos.valencia@gmail.com'),
    ('0801-1974-89075', 'Gabriela Natalia', 'Estrada Romero', 'certificate31.pdf', '98765021', 'gabriela.estrada@gmail.com');
;

INSERT INTO Application (idApplicant, firstDegreeProgramChoice, secondDegreeProgramChoice, regionalCenterChoice, applicationDate, academicEvent) VALUES
    ('0801-2004-12344', 10, 18, 5, '2024-11-23 01:00:00', 28),
    ('0801-2004-54323', 3, 7, 12, '2024-11-23 01:00:00', 28),
    ('0801-2004-67894', 15, 20, 8, '2024-11-23 01:00:00', 28),
    ('0801-2004-98766', 6, 9, 17, '2024-11-23 01:00:00', 28),
    ('0801-2004-23456', 12, 2, 4, '2024-11-23 01:00:00', 28),
    ('0801-2004-34567', 5, 16, 14, '2024-11-23 01:00:00', 28),
    ('0801-2004-45678', 20, 3, 9, '2024-11-23 01:00:00', 28),
    ('0801-2004-56789', 8, 13, 11, '2024-11-23 01:00:00', 28),
    ('0801-2004-67890', 1, 4, 19, '2024-11-23 01:00:00', 28),
    ('0801-2004-78901', 17, 11, 2, '2024-11-23 01:00:00', 28),
    ('0801-2004-89012', 9, 6, 7, '2024-11-23 01:00:00', 28),
    ('0801-2004-90123', 13, 10, 15, '2024-11-23 01:00:00', 28),
    ('0801-2004-01234', 7, 5, 18, '2024-11-23 01:00:00', 28),
    ('0801-2004-12340', 2, 8, 3, '2024-11-23 01:00:00', 28),
    ('0801-2004-23451', 19, 14, 16, '2024-11-23 01:00:00', 28),
    ('0801-2004-34562', 11, 1, 13, '2024-11-23 01:00:00', 28),
    ('0801-2004-45673', 16, 12, 6, '2024-11-23 01:00:00', 28),
    ('0801-2004-56784', 14, 19, 10, '2024-11-23 01:00:00', 28),
    ('0801-2004-67895', 4, 17, 18, '2024-11-23 01:00:00', 28),
    ('0801-2004-78906', 18, 15, 1, '2024-11-23 01:00:00', 28),
    ('0801-2003-12345', 10, 18, 5, '2024-11-01 08:00:00', 28),
    ('0801-2002-54322', 12, 19, 3, '2024-11-02 09:30:00', 28),
    ('0801-2001-67890', 15, 11, 4, '2024-11-03 10:45:00', 28),
    ('0801-2000-98765', 20, 14, 2, '2024-11-04 08:15:00', 28),
    ('0801-1999-43210', 18, 16, 3, '2024-11-05 14:00:00', 28),
    ('0801-1998-11223', 14, 17, 5, '2024-11-06 15:30:00', 28),
    ('0801-1997-33445', 11, 20, 1, '2024-11-07 16:45:00', 28),
    ('0801-1996-55667', 13, 10, 2, '2024-11-08 12:00:00', 28),
    ('0801-1995-77889', 19, 12, 3, '2024-11-09 17:00:00', 28),
    ('0801-1994-99001', 10, 18, 4, '2024-11-10 08:30:00', 28),
    ('0801-1993-12367', 20, 15, 5, '2024-11-11 09:00:00', 28),
    ('0801-1992-76543', 16, 14, 1, '2024-11-12 10:15:00', 28),
    ('0801-1991-87654', 12, 13, 2, '2024-11-13 11:30:00', 28),
    ('0801-1990-56789', 17, 11, 3, '2024-11-14 14:45:00', 28),
    ('0801-1989-89012', 18, 19, 4, '2024-11-15 08:45:00', 28),
    ('0801-1988-34021', 10, 20, 5, '2024-11-16 13:30:00', 28),
    ('0801-1987-12987', 15, 18, 3, '2024-11-17 14:15:00', 28),
    ('0801-1986-43901', 13, 11, 1, '2024-11-18 12:45:00', 28),
    ('0801-1985-98321', 14, 17, 4, '2024-11-19 09:30:00', 28),
    ('0801-1984-12344', 12, 15, 3, '2024-11-20 16:00:00', 28),
    ('0801-1983-55522', 19, 16, 5, '2024-11-21 17:30:00', 28),
    ('0801-1982-77788', 10, 14, 2, '2024-11-22 10:00:00', 28),
    ('0801-1981-89078', 11, 12, 1, '2024-11-23 11:15:00', 28),
    ('0801-1980-12398', 18, 20, 5, '2024-11-24 15:00:00', 28),
    ('0801-1979-43215', 16, 13, 3, '2024-11-25 14:30:00', 28),
    ('0801-1978-56771', 20, 11, 4, '2024-11-26 12:15:00', 28),
    ('0801-1977-87632', 15, 19, 5, '2024-11-27 08:45:00', 28),
    ('0801-1976-98376', 14, 10, 2, '2024-11-28 13:00:00', 28),
    ('0801-1975-43213', 17, 18, 3, '2024-11-29 16:45:00', 28),
    ('0801-1974-89075', 13, 16, 1, '2024-11-30 09:15:00', 28);


INSERT INTO Results(application, admissionTest) VALUES
    (46,1),
    (47,1),
    (48,1),
    (49,1),
    (50,1),
    (51,1),
    (52,1),
    (53,1),
    (54,1),
    (55,1),
    (56,2)
;

----------------------ACTIVAR REVISION DE INSCRIPCIONES---------------------
UPDATE AcademicEvent
SET active=FALSE
WHERE id=29;

UPDATE AcademicEvent
SET active=TRUE
WHERE id=30; 

-- Distribuir inscripciones
CALL reviewersEvent;